k,image_id,cer_wiener,len_orig,len_wiener
0.001,0009059,0.1335,337,342
0.001,0009060,0.8730,252,76
0.001,0009061,0.6631,377,338
0.001,0009062,0.0498,201,206
0.001,0009063,0.1838,468,476
0.001,0009064,0.8963,627,81
0.001,0009065,0.4553,347,311
0.001,0009066,0.7938,325,155
0.001,0009067,1.0000,0,313
0.001,0009068,1.0000,0,158
0.001,0009069,0.1167,120,115
0.001,0010952,0.9130,253,30
0.001,0010953,0.7601,446,331
0.001,0010954,0.4533,214,187
0.001,0010955,1.0000,0,379
0.001,0010956,0.4532,267,281
0.001,0014623,0.2630,289,305
0.001,0014624,0.0538,186,186
0.001,0014625,0.3333,447,436
0.001,0014626,1.0000,135,0
0.001,0014627,0.8137,467,146
0.001,0014628,0.9241,145,15
0.001,0014629,0.1034,203,203
0.001,0014630,0.1050,238,232
0.001,0014631,0.8720,289,56
0.001,0014632,1.0000,0,87
0.001,0014633,0.9216,102,9
0.001,0014634,0.8912,432,114
0.001,0014635,0.8596,520,126
0.001,0014636,0.8182,341,127
0.001,0014637,0.1241,572,540
0.001,0014638,0.2026,232,241
0.001,0014640,1.0000,0,393
0.001,0018784,0.6762,105,54
0.001,0018785,0.4603,189,194
0.001,0018786,0.0833,48,49
0.001,0018787,0.7275,345,213
0.001,0018788,0.5248,343,328
0.001,0018789,0.0449,89,88
0.001,0018790,0.8378,37,50
0.001,0018791,0.6129,341,309
0.001,0018792,0.5981,311,320
0.001,0018793,0.1008,387,385
0.001,0018794,0.1461,178,195
0.001,0018795,0.8598,371,386
0.001,0018796,0.7159,345,344
0.001,0018797,0.8280,314,321
0.001,0018798,0.3816,152,163
0.001,0018799,0.1009,109,116
0.001,0018800,0.8019,424,158
0.001,0018801,0.2277,448,500
0.001,0018802,1.0000,0,43
0.001,0018803,0.8909,55,12
0.001,0018804,0.7835,97,63
0.001,0018805,0.8465,202,61
0.001,0018806,0.1378,254,273
0.001,0018807,0.8297,229,94
0.001,0018808,0.0769,13,13
0.001,0018809,0.0736,231,227
0.001,0018810,0.1915,188,202
0.001,0018811,0.7674,172,94
0.001,0018812,0.4407,236,247
0.001,0018813,0.6471,68,37
0.001,0018814,0.3026,466,462
0.001,0018815,0.8162,185,79
0.001,0018816,0.8080,953,343
0.001,0018817,0.6250,64,65
0.001,0018818,0.7838,111,58
0.001,0018819,0.2158,482,422
0.001,0018820,0.3571,238,227
0.001,0018821,0.1801,211,219
0.001,0018822,0.2072,444,442
0.001,0018823,0.3466,251,256
0.001,0018824,0.1341,343,335
0.001,0018825,0.6394,208,177
0.001,0018826,0.5198,454,308
0.001,0018827,0.0398,201,203
0.001,0018828,0.2063,543,512
0.001,0018829,0.0994,513,531
0.001,0018830,0.7692,377,264
0.001,0018831,0.7172,297,217
0.001,0018832,0.8724,243,43
0.001,0018833,0.8275,284,98
0.001,0018834,0.3263,331,314
0.001,0018835,0.7204,279,142
0.001,0018836,0.5663,362,207
0.001,0018837,0.1174,511,506
0.001,0018838,0.3394,554,485
0.001,0018839,0.6899,487,317
0.001,0018840,0.8095,231,125
0.001,0018841,0.0706,326,331
0.001,0018842,0.8292,445,125
0.001,0018843,0.4101,378,302
0.001,0018844,0.9344,457,52
0.001,0018845,0.6620,213,136
0.001,0018846,1.0000,0,29
0.001,0018847,0.7362,398,333
0.001,0018848,0.0955,199,202
0.001,0018849,0.3137,306,318
0.001,0018850,0.7551,294,194
0.001,0018851,0.8828,418,66
0.001,0018852,0.8401,269,89
0.001,0018853,0.1353,303,306
0.001,0018854,1.0400,75,104
0.001,0018855,0.7684,272,121
0.001,0018856,0.1161,448,477
0.001,0018857,0.6780,382,251
0.001,0018858,0.5608,378,400
0.001,0018859,0.7204,211,148
0.001,0018860,0.2572,276,282
0.001,0018861,0.7083,168,156
0.001,0018862,0.2241,473,488
0.001,0018863,0.5414,157,180
0.001,0018864,0.8435,230,69
0.001,0018865,0.8177,406,147
0.001,0018866,0.8354,79,77
0.001,0018867,0.5083,120,119
0.001,0018868,0.3032,310,299
0.001,0018869,0.7213,567,494
0.001,0018870,0.8297,458,124
0.001,0018871,0.8327,251,103
0.001,0018872,0.7994,334,150
0.001,0018873,0.2320,388,424
0.001,0018874,0.4420,224,232
0.001,0018875,0.7612,649,421
0.001,0018876,0.4342,486,478
0.001,0018877,0.8444,45,14
0.001,0018878,0.6404,114,91
0.001,0018879,0.7708,336,379
0.001,0018880,0.6310,271,227
0.001,0018881,0.6927,179,143
0.001,0018882,0.2907,227,253
0.001,0018883,0.7261,376,193
0.001,0018884,0.8298,47,45
0.001,0018885,1.0000,12,4
0.001,0018886,0.2085,355,371
0.001,0018887,0.2353,289,297
0.001,0018888,0.1325,166,171
0.001,0018889,0.2616,237,245
0.001,0018890,0.3377,308,295
0.001,0018891,0.8311,379,112
0.001,0018892,0.7541,484,303
0.001,0018893,0.0870,253,256
0.001,0018894,0.7876,193,128
0.001,0018895,0.2460,126,115
0.001,0018896,1.0000,142,0
0.001,0018897,1.0000,67,0
0.001,0018898,0.9037,322,44
0.001,0018899,0.4000,315,276
0.001,0018900,0.8193,476,210
0.001,0018901,0.2105,285,293
0.001,0018902,0.5174,172,153
0.001,0018903,0.6641,128,123
0.001,0018904,0.1830,153,168
0.001,0018905,0.6794,131,99
0.001,0018906,0.8868,106,19
0.001,0018907,0.6059,170,168
0.001,0018908,0.1204,432,441
0.001,0018909,0.2204,363,340
0.001,0018910,0.8768,284,69
0.001,0018911,0.9485,621,36
0.001,0018912,0.4721,269,231
0.001,0018913,5.0000,1,6
0.001,0018914,0.4950,202,183
0.001,0018915,0.8609,302,93
0.001,0018916,0.6351,422,310
0.001,0018917,0.1908,173,190
0.001,0018918,0.5057,352,250
0.001,0018919,0.6511,364,196
0.001,0018920,0.2753,178,164
0.001,0018921,0.8304,112,170
0.001,0018922,0.7698,139,112
0.001,0018923,0.6226,265,219
0.001,0018924,0.2011,363,395
0.001,0018925,0.1556,347,368
0.001,0018926,0.2843,306,284
0.001,0018927,0.2536,347,354
0.001,0018928,0.8177,373,230
0.001,0018929,0.2365,296,319
0.001,0018930,0.7866,492,454
0.001,0018931,0.3539,616,634
0.001,0018932,0.9087,230,225
0.001,0018933,0.7722,417,226
0.001,0018934,0.9696,230,12
0.001,0018935,4.0000,1,4
0.001,0018936,0.1344,372,360
0.001,0018937,0.3539,243,234
0.001,0018938,0.8310,290,291
0.001,0018939,0.8182,154,64
0.001,0018940,0.8593,135,29
0.001,0018941,0.4628,309,239
0.001,0018942,0.1869,107,112
0.001,0018943,0.2197,446,435
0.001,0018944,0.0957,585,569
0.001,0018945,0.8467,809,176
0.001,0018946,0.5653,375,333
0.001,0018947,0.7500,456,332
0.001,0018948,0.6693,508,452
0.001,0018949,0.6711,152,135
0.001,0018950,0.7669,369,265
0.005,0009059,0.1395,337,338
0.005,0009060,0.8214,252,133
0.005,0009061,0.6127,377,341
0.005,0009062,0.0398,201,205
0.005,0009063,0.0940,468,471
0.005,0009064,0.9426,627,45
0.005,0009065,0.5072,347,301
0.005,0009066,0.7723,325,156
0.005,0009067,1.0000,0,319
0.005,0009068,1.0000,0,182
0.005,0009069,0.1333,120,119
0.005,0010952,0.7549,253,123
0.005,0010953,0.7242,446,247
0.005,0010954,0.3785,214,223
0.005,0010955,1.0000,0,316
0.005,0010956,0.5693,267,337
0.005,0014623,0.2076,289,285
0.005,0014624,0.0161,186,186
0.005,0014625,0.1633,447,454
0.005,0014626,0.8593,135,45
0.005,0014627,0.8330,467,123
0.005,0014628,0.9724,145,4
0.005,0014629,0.1281,203,209
0.005,0014630,0.0840,238,235
0.005,0014631,0.9862,289,5
0.005,0014632,1.0000,0,86
0.005,0014633,1.0000,102,0
0.005,0014634,0.9236,432,67
0.005,0014635,0.9154,520,64
0.005,0014636,0.8328,341,148
0.005,0014637,0.1241,572,544
0.005,0014638,0.1078,232,244
0.005,0014640,1.0000,0,299
0.005,0018784,0.8381,105,45
0.005,0018785,0.4233,189,200
0.005,0018786,0.1042,48,49
0.005,0018787,0.6319,345,236
0.005,0018788,0.5773,343,327
0.005,0018789,0.0449,89,90
0.005,0018790,0.6216,37,35
0.005,0018791,0.5660,341,308
0.005,0018792,0.4405,311,310
0.005,0018793,0.0982,387,385
0.005,0018794,0.0393,178,182
0.005,0018795,0.7898,371,380
0.005,0018796,0.6638,345,376
0.005,0018797,0.8758,314,354
0.005,0018798,0.3158,152,135
0.005,0018799,0.0367,109,111
0.005,0018800,0.6887,424,289
0.005,0018801,0.1920,448,487
0.005,0018802,1.0000,0,30
0.005,0018803,0.8182,55,52
0.005,0018804,1.0722,97,130
0.005,0018805,0.5990,202,173
0.005,0018806,0.1142,254,274
0.005,0018807,0.7817,229,206
0.005,0018808,0.0000,13,13
0.005,0018809,0.0693,231,230
0.005,0018810,0.0745,188,188
0.005,0018811,0.7442,172,147
0.005,0018812,0.2839,236,261
0.005,0018813,0.3824,68,68
0.005,0018814,0.2639,466,480
0.005,0018815,0.8216,185,82
0.005,0018816,0.8898,953,152
0.005,0018817,0.7656,64,84
0.005,0018818,0.9459,111,11
0.005,0018819,0.1680,482,442
0.005,0018820,0.3109,238,232
0.005,0018821,0.2133,211,189
0.005,0018822,0.2500,444,437
0.005,0018823,0.3267,251,264
0.005,0018824,0.0991,343,350
0.005,0018825,0.6827,208,126
0.005,0018826,0.3260,454,386
0.005,0018827,0.0249,201,202
0.005,0018828,0.0994,543,555
0.005,0018829,0.0858,513,528
0.005,0018830,0.7772,377,278
0.005,0018831,0.7710,297,180
0.005,0018832,0.7695,243,98
0.005,0018833,0.8310,284,119
0.005,0018834,0.2779,331,320
0.005,0018835,0.6452,279,164
0.005,0018836,0.4696,362,240
0.005,0018837,0.0920,511,512
0.005,0018838,0.2834,554,473
0.005,0018839,0.6899,487,272
0.005,0018840,0.7662,231,154
0.005,0018841,0.0399,326,327
0.005,0018842,0.7820,445,202
0.005,0018843,0.2646,378,359
0.005,0018844,0.8884,457,123
0.005,0018845,0.7136,213,122
0.005,0018846,1.0000,0,50
0.005,0018847,0.7437,398,215
0.005,0018848,0.0653,199,200
0.005,0018849,0.2876,306,327
0.005,0018850,0.7823,294,171
0.005,0018851,0.8660,418,80
0.005,0018852,0.6840,269,218
0.005,0018853,0.1023,303,310
0.005,0018854,1.0267,75,98
0.005,0018855,0.5772,272,275
0.005,0018856,0.0781,448,469
0.005,0018857,0.6518,382,340
0.005,0018858,0.4788,378,424
0.005,0018859,0.8199,211,251
0.005,0018860,0.2210,276,304
0.005,0018861,0.7262,168,193
0.005,0018862,0.2431,473,502
0.005,0018863,0.3057,157,172
0.005,0018864,0.8565,230,49
0.005,0018865,0.7365,406,224
0.005,0018866,0.9241,79,22
0.005,0018867,0.5250,120,79
0.005,0018868,0.2129,310,300
0.005,0018869,0.6526,567,523
0.005,0018870,0.8362,458,127
0.005,0018871,0.7849,251,143
0.005,0018872,0.7754,334,163
0.005,0018873,0.1753,388,402
0.005,0018874,0.3214,224,225
0.005,0018875,0.7843,649,345
0.005,0018876,0.5679,486,516
0.005,0018877,0.7333,45,24
0.005,0018878,0.5000,114,109
0.005,0018879,0.8065,336,395
0.005,0018880,0.5018,271,235
0.005,0018881,0.7207,179,135
0.005,0018882,0.2555,227,243
0.005,0018883,0.6223,376,265
0.005,0018884,0.7872,47,47
0.005,0018885,1.0000,12,1
0.005,0018886,0.1239,355,354
0.005,0018887,0.2457,289,299
0.005,0018888,0.0602,166,168
0.005,0018889,0.2827,237,236
0.005,0018890,0.2532,308,311
0.005,0018891,0.7203,379,302
0.005,0018892,0.7851,484,231
0.005,0018893,0.0593,253,254
0.005,0018894,0.7254,193,150
0.005,0018895,0.2381,126,118
0.005,0018896,0.8451,142,68
0.005,0018897,0.8507,67,16
0.005,0018898,0.8509,322,93
0.005,0018899,0.3619,315,309
0.005,0018900,0.8761,476,88
0.005,0018901,0.0947,285,289
0.005,0018902,0.2558,172,177
0.005,0018903,0.6328,128,121
0.005,0018904,0.1503,153,163
0.005,0018905,0.5496,131,110
0.005,0018906,0.8113,106,41
0.005,0018907,0.6059,170,170
0.005,0018908,0.0903,432,435
0.005,0018909,0.1928,363,346
0.005,0018910,0.8063,284,138
0.005,0018911,0.9130,621,63
0.005,0018912,0.4126,269,232
0.005,0018913,0.0000,1,1
0.005,0018914,0.4455,202,190
0.005,0018915,0.8344,302,82
0.005,0018916,0.6303,422,305
0.005,0018917,0.1329,173,190
0.005,0018918,0.4602,352,231
0.005,0018919,0.6236,364,190
0.005,0018920,0.2978,178,189
0.005,0018921,0.5982,112,128
0.005,0018922,0.7122,139,116
0.005,0018923,0.5396,265,238
0.005,0018924,0.1846,363,367
0.005,0018925,0.0692,347,341
0.005,0018926,0.2255,306,316
0.005,0018927,0.3026,347,365
0.005,0018928,0.8177,373,266
0.005,0018929,0.2027,296,319
0.005,0018930,0.7520,492,378
0.005,0018931,0.2386,616,601
0.005,0018932,0.9391,230,252
0.005,0018933,0.7290,417,247
0.005,0018934,0.8957,230,34
0.005,0018935,1.0000,1,0
0.005,0018936,0.1801,372,387
0.005,0018937,0.4239,243,231
0.005,0018938,0.6793,290,323
0.005,0018939,0.7727,154,91
0.005,0018940,1.0000,135,0
0.005,0018941,0.3236,309,277
0.005,0018942,0.0935,107,111
0.005,0018943,0.2085,446,442
0.005,0018944,0.0564,585,579
0.005,0018945,0.9703,809,24
0.005,0018946,0.6427,375,301
0.005,0018947,0.7237,456,357
0.005,0018948,0.6398,508,491
0.005,0018949,0.7368,152,154
0.005,0018950,0.7317,369,318
0.01,0009059,0.1157,337,333
0.01,0009060,0.8532,252,91
0.01,0009061,0.5703,377,334
0.01,0009062,0.0149,201,203
0.01,0009063,0.1154,468,475
0.01,0009064,0.9474,627,41
0.01,0009065,0.5389,347,280
0.01,0009066,0.7108,325,187
0.01,0009067,1.0000,0,287
0.01,0009068,1.0000,0,192
0.01,0009069,0.1083,120,115
0.01,0010952,0.7431,253,170
0.01,0010953,0.7175,446,268
0.01,0010954,0.3879,214,226
0.01,0010955,1.0000,0,374
0.01,0010956,0.5506,267,340
0.01,0014623,0.1834,289,283
0.01,0014624,0.0215,186,186
0.01,0014625,0.1499,447,454
0.01,0014626,0.8000,135,80
0.01,0014627,0.8266,467,115
0.01,0014628,0.9793,145,3
0.01,0014629,0.0837,203,205
0.01,0014630,0.0798,238,234
0.01,0014631,0.8131,289,82
0.01,0014632,1.0000,0,66
0.01,0014633,0.9510,102,5
0.01,0014634,0.8472,432,125
0.01,0014635,0.8981,520,80
0.01,0014636,0.7566,341,230
0.01,0014637,0.1311,572,560
0.01,0014638,0.0948,232,240
0.01,0014640,1.0000,0,348
0.01,0018784,0.9048,105,17
0.01,0018785,0.3598,189,197
0.01,0018786,0.0833,48,49
0.01,0018787,0.5913,345,317
0.01,0018788,0.6706,343,228
0.01,0018789,0.0449,89,90
0.01,0018790,0.6757,37,22
0.01,0018791,0.5249,341,306
0.01,0018792,0.4373,311,305
0.01,0018793,0.0982,387,379
0.01,0018794,0.1067,178,190
0.01,0018795,0.7116,371,371
0.01,0018796,0.7159,345,381
0.01,0018797,0.8121,314,345
0.01,0018798,0.1908,152,139
0.01,0018799,0.0367,109,111
0.01,0018800,0.6344,424,338
0.01,0018801,0.2098,448,496
0.01,0018802,1.0000,0,37
0.01,0018803,0.8000,55,42
0.01,0018804,1.0000,97,134
0.01,0018805,0.6634,202,152
0.01,0018806,0.0827,254,262
0.01,0018807,0.7293,229,216
0.01,0018808,0.0769,13,13
0.01,0018809,0.0606,231,226
0.01,0018810,0.0532,188,186
0.01,0018811,0.7849,172,179
0.01,0018812,0.3559,236,293
0.01,0018813,0.4559,68,56
0.01,0018814,0.2854,466,481
0.01,0018815,0.8000,185,129
0.01,0018816,0.9549,953,44
0.01,0018817,0.7188,64,75
0.01,0018818,0.9820,111,2
0.01,0018819,0.0975,482,479
0.01,0018820,0.2647,238,233
0.01,0018821,0.2512,211,201
0.01,0018822,0.2635,444,444
0.01,0018823,0.3267,251,256
0.01,0018824,0.1370,343,365
0.01,0018825,0.7500,208,105
0.01,0018826,0.4119,454,387
0.01,0018827,0.0100,201,200
0.01,0018828,0.0681,543,540
0.01,0018829,0.0838,513,530
0.01,0018830,0.7507,377,265
0.01,0018831,0.7542,297,165
0.01,0018832,0.7407,243,116
0.01,0018833,0.7958,284,153
0.01,0018834,0.2628,331,321
0.01,0018835,0.5591,279,216
0.01,0018836,0.4779,362,268
0.01,0018837,0.1859,511,470
0.01,0018838,0.2617,554,524
0.01,0018839,0.7146,487,265
0.01,0018840,0.7532,231,142
0.01,0018841,0.0215,326,326
0.01,0018842,0.8157,445,160
0.01,0018843,0.2619,378,358
0.01,0018844,0.8468,457,178
0.01,0018845,0.6338,213,165
0.01,0018846,1.0000,0,7
0.01,0018847,0.7186,398,213
0.01,0018848,0.0603,199,202
0.01,0018849,0.2353,306,314
0.01,0018850,0.8095,294,186
0.01,0018851,0.9163,418,44
0.01,0018852,0.6914,269,204
0.01,0018853,0.1122,303,309
0.01,0018854,1.1600,75,109
0.01,0018855,0.5368,272,257
0.01,0018856,0.1049,448,482
0.01,0018857,0.5681,382,311
0.01,0018858,0.3942,378,402
0.01,0018859,0.7441,211,146
0.01,0018860,0.1739,276,300
0.01,0018861,0.5893,168,117
0.01,0018862,0.2326,473,494
0.01,0018863,0.2166,157,165
0.01,0018864,0.7739,230,107
0.01,0018865,0.7463,406,200
0.01,0018866,0.8608,79,32
0.01,0018867,0.4000,120,106
0.01,0018868,0.2581,310,300
0.01,0018869,0.6455,567,446
0.01,0018870,0.7795,458,219
0.01,0018871,0.7888,251,127
0.01,0018872,0.7425,334,193
0.01,0018873,0.1521,388,396
0.01,0018874,0.3616,224,231
0.01,0018875,0.7535,649,411
0.01,0018876,0.6091,486,497
0.01,0018877,0.7778,45,17
0.01,0018878,0.5789,114,105
0.01,0018879,0.7798,336,385
0.01,0018880,0.4244,271,238
0.01,0018881,0.7542,179,148
0.01,0018882,0.1762,227,230
0.01,0018883,0.5532,376,296
0.01,0018884,0.7872,47,46
0.01,0018885,0.8333,12,5
0.01,0018886,0.1577,355,350
0.01,0018887,0.2422,289,299
0.01,0018888,0.0542,166,168
0.01,0018889,0.2236,237,241
0.01,0018890,0.2727,308,314
0.01,0018891,0.6781,379,275
0.01,0018892,0.7686,484,229
0.01,0018893,0.0632,253,256
0.01,0018894,0.7306,193,132
0.01,0018895,0.1746,126,122
0.01,0018896,0.8451,142,81
0.01,0018897,0.8806,67,11
0.01,0018898,0.9255,322,34
0.01,0018899,0.3302,315,308
0.01,0018900,0.9160,476,54
0.01,0018901,0.1333,285,300
0.01,0018902,0.1977,172,171
0.01,0018903,0.7109,128,148
0.01,0018904,0.1503,153,166
0.01,0018905,0.5649,131,111
0.01,0018906,0.8774,106,20
0.01,0018907,0.5824,170,168
0.01,0018908,0.0787,432,434
0.01,0018909,0.1846,363,350
0.01,0018910,0.7500,284,186
0.01,0018911,0.9968,621,2
0.01,0018912,0.3755,269,243
0.01,0018913,0.0000,1,1
0.01,0018914,0.4356,202,198
0.01,0018915,0.8278,302,101
0.01,0018916,0.6209,422,330
0.01,0018917,0.1098,173,186
0.01,0018918,0.4858,352,235
0.01,0018919,0.4368,364,264
0.01,0018920,0.2528,178,177
0.01,0018921,0.6518,112,135
0.01,0018922,0.7194,139,102
0.01,0018923,0.5660,265,228
0.01,0018924,0.2314,363,347
0.01,0018925,0.0692,347,340
0.01,0018926,0.2320,306,314
0.01,0018927,0.3026,347,340
0.01,0018928,0.8391,373,266
0.01,0018929,0.2297,296,319
0.01,0018930,0.7764,492,205
0.01,0018931,0.2078,616,642
0.01,0018932,0.9348,230,245
0.01,0018933,0.7290,417,282
0.01,0018934,0.8957,230,39
0.01,0018935,1.0000,1,0
0.01,0018936,0.1640,372,382
0.01,0018937,0.3704,243,234
0.01,0018938,0.6862,290,307
0.01,0018939,0.8442,154,57
0.01,0018940,1.0000,135,0
0.01,0018941,0.2913,309,261
0.01,0018942,0.1121,107,111
0.01,0018943,0.2354,446,454
0.01,0018944,0.0615,585,577
0.01,0018945,0.9061,809,90
0.01,0018946,0.6347,375,326
0.01,0018947,0.7083,456,320
0.01,0018948,0.6004,508,470
0.01,0018949,0.6776,152,153
0.01,0018950,0.7154,369,312
0.02,0009059,0.1187,337,328
0.02,0009060,0.8333,252,103
0.02,0009061,0.5464,377,346
0.02,0009062,0.0149,201,203
0.02,0009063,0.1090,468,468
0.02,0009064,0.9665,627,23
0.02,0009065,0.6052,347,251
0.02,0009066,0.7292,325,174
0.02,0009067,1.0000,0,239
0.02,0009068,1.0000,0,231
0.02,0009069,0.1250,120,116
0.02,0010952,0.7194,253,196
0.02,0010953,0.6637,446,248
0.02,0010954,0.3084,214,223
0.02,0010955,1.0000,0,365
0.02,0010956,0.5618,267,326
0.02,0014623,0.2318,289,288
0.02,0014624,0.0215,186,185
0.02,0014625,0.1365,447,448
0.02,0014626,0.7704,135,83
0.02,0014627,0.8458,467,119
0.02,0014628,0.9862,145,2
0.02,0014629,0.0788,203,205
0.02,0014630,0.1134,238,234
0.02,0014631,0.8408,289,87
0.02,0014632,1.0000,0,35
0.02,0014633,0.9902,102,2
0.02,0014634,0.9282,432,36
0.02,0014635,0.9115,520,65
0.02,0014636,0.7361,341,223
0.02,0014637,0.2098,572,590
0.02,0014638,0.0560,232,226
0.02,0014640,1.0000,0,355
0.02,0018784,0.9048,105,14
0.02,0018785,0.2804,189,198
0.02,0018786,0.0833,48,49
0.02,0018787,0.6348,345,272
0.02,0018788,0.7697,343,170
0.02,0018789,0.0225,89,88
0.02,0018790,0.6216,37,21
0.02,0018791,0.5132,341,311
0.02,0018792,0.4759,311,295
0.02,0018793,0.1421,387,355
0.02,0018794,0.0899,178,190
0.02,0018795,0.7170,371,362
0.02,0018796,0.7188,345,368
0.02,0018797,0.8057,314,334
0.02,0018798,0.2105,152,125
0.02,0018799,0.0367,109,111
0.02,0018800,0.6462,424,321
0.02,0018801,0.2254,448,485
0.02,0018802,1.0000,0,222
0.02,0018803,0.8909,55,13
0.02,0018804,0.9691,97,123
0.02,0018805,0.6634,202,143
0.02,0018806,0.0709,254,262
0.02,0018807,0.6288,229,196
0.02,0018808,0.0769,13,13
0.02,0018809,0.0563,231,227
0.02,0018810,0.0213,188,189
0.02,0018811,0.7267,172,170
0.02,0018812,0.2839,236,272
0.02,0018813,0.4706,68,61
0.02,0018814,0.2618,466,487
0.02,0018815,0.8216,185,150
0.02,0018816,0.9192,953,97
0.02,0018817,0.6094,64,68
0.02,0018818,0.9640,111,4
0.02,0018819,0.1349,482,484
0.02,0018820,0.1975,238,238
0.02,0018821,0.1232,211,218
0.02,0018822,0.2477,444,432
0.02,0018823,0.2669,251,260
0.02,0018824,0.1050,343,362
0.02,0018825,0.5865,208,141
0.02,0018826,0.3965,454,382
0.02,0018827,0.0100,201,200
0.02,0018828,0.0737,543,534
0.02,0018829,0.0663,513,524
0.02,0018830,0.7692,377,267
0.02,0018831,0.7374,297,234
0.02,0018832,0.7407,243,137
0.02,0018833,0.7887,284,183
0.02,0018834,0.4713,331,281
0.02,0018835,0.6487,279,175
0.02,0018836,0.5138,362,262
0.02,0018837,0.2290,511,465
0.02,0018838,0.3556,554,502
0.02,0018839,0.7166,487,247
0.02,0018840,0.6970,231,152
0.02,0018841,0.0153,326,326
0.02,0018842,0.7528,445,269
0.02,0018843,0.2831,378,367
0.02,0018844,0.8884,457,107
0.02,0018845,0.6009,213,159
0.02,0018846,1.0000,0,67
0.02,0018847,0.7487,398,200
0.02,0018848,0.0603,199,201
0.02,0018849,0.2941,306,318
0.02,0018850,0.8095,294,155
0.02,0018851,0.8732,418,73
0.02,0018852,0.6989,269,191
0.02,0018853,0.1254,303,303
0.02,0018854,0.8133,75,67
0.02,0018855,0.5846,272,258
0.02,0018856,0.1205,448,491
0.02,0018857,0.5576,382,311
0.02,0018858,0.3571,378,352
0.02,0018859,0.7062,211,169
0.02,0018860,0.1558,276,297
0.02,0018861,0.9881,168,3
0.02,0018862,0.2452,473,488
0.02,0018863,0.3248,157,158
0.02,0018864,0.7826,230,90
0.02,0018865,0.7882,406,180
0.02,0018866,0.8101,79,47
0.02,0018867,0.5000,120,94
0.02,0018868,0.3161,310,296
0.02,0018869,0.6226,567,459
0.02,0018870,0.7664,458,222
0.02,0018871,0.7968,251,119
0.02,0018872,0.7695,334,182
0.02,0018873,0.1418,388,400
0.02,0018874,0.4107,224,203
0.02,0018875,0.7627,649,348
0.02,0018876,0.6337,486,486
0.02,0018877,0.8444,45,15
0.02,0018878,0.5614,114,106
0.02,0018879,0.7530,336,375
0.02,0018880,0.4982,271,213
0.02,0018881,0.7430,179,117
0.02,0018882,0.2026,227,228
0.02,0018883,0.4441,376,318
0.02,0018884,0.7447,47,48
0.02,0018885,1.0000,12,4
0.02,0018886,0.1183,355,351
0.02,0018887,0.2768,289,300
0.02,0018888,0.0361,166,169
0.02,0018889,0.2869,237,236
0.02,0018890,0.3864,308,287
0.02,0018891,0.6755,379,284
0.02,0018892,0.8409,484,124
0.02,0018893,0.0672,253,254
0.02,0018894,0.7720,193,95
0.02,0018895,0.2222,126,119
0.02,0018896,0.8592,142,79
0.02,0018897,0.8955,67,11
0.02,0018898,0.9503,322,22
0.02,0018899,0.3524,315,306
0.02,0018900,0.9202,476,44
0.02,0018901,0.1684,285,304
0.02,0018902,0.1860,172,162
0.02,0018903,0.7344,128,150
0.02,0018904,0.1242,153,159
0.02,0018905,0.5496,131,113
0.02,0018906,0.8962,106,14
0.02,0018907,0.5471,170,171
0.02,0018908,0.1505,432,399
0.02,0018909,0.1846,363,350
0.02,0018910,0.7782,284,144
0.02,0018911,0.9742,621,17
0.02,0018912,0.4610,269,245
0.02,0018913,0.0000,1,1
0.02,0018914,0.4604,202,194
0.02,0018915,0.9139,302,38
0.02,0018916,0.5948,422,310
0.02,0018917,0.0751,173,178
0.02,0018918,0.4205,352,273
0.02,0018919,0.5137,364,219
0.02,0018920,0.2472,178,161
0.02,0018921,0.6339,112,142
0.02,0018922,0.7482,139,100
0.02,0018923,0.5849,265,222
0.02,0018924,0.3967,363,258
0.02,0018925,0.0922,347,353
0.02,0018926,0.2941,306,321
0.02,0018927,0.3545,347,357
0.02,0018928,0.8552,373,193
0.02,0018929,0.1892,296,307
0.02,0018930,0.7642,492,241
0.02,0018931,0.2549,616,654
0.02,0018932,0.9000,230,224
0.02,0018933,0.7242,417,259
0.02,0018934,0.9435,230,13
0.02,0018935,1.0000,1,0
0.02,0018936,0.1505,372,382
0.02,0018937,0.5309,243,173
0.02,0018938,0.6069,290,265
0.02,0018939,0.7987,154,81
0.02,0018940,0.8593,135,26
0.02,0018941,0.2460,309,299
0.02,0018942,0.0748,107,107
0.02,0018943,0.2354,446,435
0.02,0018944,0.0752,585,572
0.02,0018945,0.9592,809,36
0.02,0018946,0.6907,375,310
0.02,0018947,0.6623,456,367
0.02,0018948,0.6319,508,424
0.02,0018949,0.5855,152,137
0.02,0018950,0.6260,369,302
0.05,0009059,0.2107,337,311
0.05,0009060,0.8492,252,96
0.05,0009061,0.5942,377,304
0.05,0009062,0.0050,201,201
0.05,0009063,0.1538,468,455
0.05,0009064,0.9474,627,36
0.05,0009065,0.6282,347,235
0.05,0009066,0.7477,325,136
0.05,0009067,1.0000,0,135
0.05,0009068,1.0000,0,233
0.05,0009069,0.1000,120,118
0.05,0010952,0.6719,253,201
0.05,0010953,0.6076,446,301
0.05,0010954,0.3178,214,206
0.05,0010955,1.0000,0,347
0.05,0010956,0.5955,267,338
0.05,0014623,0.3875,289,228
0.05,0014624,0.0269,186,187
0.05,0014625,0.2282,447,443
0.05,0014626,0.7407,135,97
0.05,0014627,0.7238,467,228
0.05,0014628,0.9862,145,3
0.05,0014629,0.0542,203,204
0.05,0014630,0.1303,238,231
0.05,0014631,0.8478,289,69
0.05,0014632,1.0000,0,91
0.05,0014633,0.9804,102,2
0.05,0014634,0.8981,432,64
0.05,0014635,0.9173,520,62
0.05,0014636,0.7273,341,288
0.05,0014637,0.2465,572,563
0.05,0014638,0.0517,232,229
0.05,0014640,1.0000,0,306
0.05,0018784,1.0000,105,0
0.05,0018785,0.2328,189,196
0.05,0018786,0.0833,48,49
0.05,0018787,0.6638,345,241
0.05,0018788,0.7114,343,235
0.05,0018789,0.0112,89,89
0.05,0018790,0.6757,37,22
0.05,0018791,0.5367,341,304
0.05,0018792,0.4373,311,288
0.05,0018793,0.1447,387,358
0.05,0018794,0.1348,178,194
0.05,0018795,0.6927,371,373
0.05,0018796,0.6580,345,357
0.05,0018797,0.8153,314,359
0.05,0018798,0.1118,152,147
0.05,0018799,0.0459,109,111
0.05,0018800,0.6863,424,248
0.05,0018801,0.2321,448,484
0.05,0018802,1.0000,0,199
0.05,0018803,0.8909,55,22
0.05,0018804,0.6804,97,103
0.05,0018805,0.7129,202,130
0.05,0018806,0.0669,254,254
0.05,0018807,0.6245,229,212
0.05,0018808,0.0000,13,13
0.05,0018809,0.0563,231,232
0.05,0018810,0.0266,188,189
0.05,0018811,0.7209,172,183
0.05,0018812,0.3220,236,250
0.05,0018813,0.4412,68,53
0.05,0018814,0.2489,466,487
0.05,0018815,0.7946,185,118
0.05,0018816,0.9517,953,55
0.05,0018817,0.5000,64,69
0.05,0018818,0.9189,111,15
0.05,0018819,0.3091,482,427
0.05,0018820,0.1471,238,237
0.05,0018821,0.1611,211,196
0.05,0018822,0.2838,444,427
0.05,0018823,0.2191,251,255
0.05,0018824,0.0787,343,335
0.05,0018825,0.7548,208,95
0.05,0018826,0.5286,454,357
0.05,0018827,0.0000,201,201
0.05,0018828,0.1123,543,528
0.05,0018829,0.0409,513,511
0.05,0018830,0.7613,377,265
0.05,0018831,0.7845,297,108
0.05,0018832,0.7778,243,103
0.05,0018833,0.7993,284,150
0.05,0018834,0.5589,331,270
0.05,0018835,0.7563,279,125
0.05,0018836,0.6160,362,249
0.05,0018837,0.3757,511,467
0.05,0018838,0.4874,554,474
0.05,0018839,0.7290,487,215
0.05,0018840,0.7662,231,120
0.05,0018841,0.0123,326,326
0.05,0018842,0.7730,445,178
0.05,0018843,0.4683,378,305
0.05,0018844,0.8862,457,132
0.05,0018845,0.7371,213,107
0.05,0018846,1.0000,0,112
0.05,0018847,0.7839,398,164
0.05,0018848,0.0603,199,200
0.05,0018849,0.3464,306,292
0.05,0018850,0.8163,294,141
0.05,0018851,0.9139,418,49
0.05,0018852,0.7323,269,166
0.05,0018853,0.2178,303,292
0.05,0018854,0.8267,75,56
0.05,0018855,0.6434,272,239
0.05,0018856,0.1317,448,498
0.05,0018857,0.6780,382,256
0.05,0018858,0.2619,378,352
0.05,0018859,0.7251,211,135
0.05,0018860,0.1486,276,294
0.05,0018861,0.9821,168,4
0.05,0018862,0.3298,473,486
0.05,0018863,0.4204,157,151
0.05,0018864,0.7696,230,98
0.05,0018865,0.7980,406,140
0.05,0018866,0.8987,79,30
0.05,0018867,0.6417,120,80
0.05,0018868,0.3806,310,292
0.05,0018869,0.6896,567,381
0.05,0018870,0.7969,458,179
0.05,0018871,0.7450,251,132
0.05,0018872,0.7904,334,158
0.05,0018873,0.0851,388,371
0.05,0018874,0.5312,224,176
0.05,0018875,0.7797,649,271
0.05,0018876,0.6893,486,472
0.05,0018877,0.9111,45,9
0.05,0018878,0.5614,114,104
0.05,0018879,0.6756,336,356
0.05,0018880,0.5129,271,222
0.05,0018881,0.7542,179,128
0.05,0018882,0.3392,227,213
0.05,0018883,0.4681,376,350
0.05,0018884,0.7660,47,42
0.05,0018885,1.0000,12,6
0.05,0018886,0.1268,355,351
0.05,0018887,0.4844,289,252
0.05,0018888,0.0361,166,168
0.05,0018889,0.4177,237,216
0.05,0018890,0.3831,308,304
0.05,0018891,0.7388,379,198
0.05,0018892,0.8884,484,77
0.05,0018893,0.0395,253,252
0.05,0018894,0.7047,193,120
0.05,0018895,0.2302,126,123
0.05,0018896,0.8592,142,48
0.05,0018897,1.0000,67,1
0.05,0018898,0.9814,322,6
0.05,0018899,0.3587,315,317
0.05,0018900,0.9937,476,3
0.05,0018901,0.4035,285,354
0.05,0018902,0.2384,172,152
0.05,0018903,0.6484,128,131
0.05,0018904,0.0850,153,156
0.05,0018905,0.5420,131,112
0.05,0018906,0.9623,106,5
0.05,0018907,0.5176,170,178
0.05,0018908,0.1736,432,402
0.05,0018909,0.1680,363,353
0.05,0018910,0.9155,284,29
0.05,0018911,0.9678,621,37
0.05,0018912,0.6171,269,300
0.05,0018913,1.0000,1,1
0.05,0018914,0.3762,202,202
0.05,0018915,0.9205,302,28
0.05,0018916,0.6422,422,290
0.05,0018917,0.1156,173,175
0.05,0018918,0.5398,352,263
0.05,0018919,0.3462,364,311
0.05,0018920,0.2809,178,175
0.05,0018921,0.6071,112,139
0.05,0018922,0.7842,139,100
0.05,0018923,0.5849,265,247
0.05,0018924,0.5730,363,192
0.05,0018925,0.1441,347,368
0.05,0018926,0.2092,306,313
0.05,0018927,0.3660,347,352
0.05,0018928,0.8633,373,210
0.05,0018929,0.2095,296,291
0.05,0018930,0.7724,492,226
0.05,0018931,0.2451,616,653
0.05,0018932,0.9261,230,247
0.05,0018933,0.7698,417,158
0.05,0018934,0.9478,230,32
0.05,0018935,1.0000,1,0
0.05,0018936,0.1425,372,381
0.05,0018937,0.6173,243,155
0.05,0018938,0.6655,290,235
0.05,0018939,0.7987,154,70
0.05,0018940,0.9333,135,12
0.05,0018941,0.4531,309,261
0.05,0018942,0.0374,107,107
0.05,0018943,0.2803,446,414
0.05,0018944,0.1128,585,577
0.05,0018945,0.8480,809,184
0.05,0018946,0.7573,375,193
0.05,0018947,0.7500,456,222
0.05,0018948,0.6752,508,389
0.05,0018949,0.6184,152,135
0.05,0018950,0.7236,369,222
0.1,0009059,0.3561,337,305
0.1,0009060,0.8452,252,105
0.1,0009061,0.5676,377,311
0.1,0009062,0.0050,201,201
0.1,0009063,0.2970,468,431
0.1,0009064,0.9920,627,6
0.1,0009065,0.6945,347,215
0.1,0009066,0.7569,325,131
0.1,0009067,1.0000,0,99
0.1,0009068,1.0000,0,222
0.1,0009069,0.1250,120,122
0.1,0010952,0.7391,253,168
0.1,0010953,0.6906,446,252
0.1,0010954,0.2523,214,199
0.1,0010955,1.0000,0,330
0.1,0010956,0.6554,267,288
0.1,0014623,0.4014,289,231
0.1,0014624,0.0269,186,185
0.1,0014625,0.3982,447,412
0.1,0014626,0.7630,135,98
0.1,0014627,0.8201,467,140
0.1,0014628,0.9862,145,2
0.1,0014629,0.0591,203,204
0.1,0014630,0.1765,238,229
0.1,0014631,0.8131,289,84
0.1,0014632,1.0000,0,86
0.1,0014633,0.9706,102,3
0.1,0014634,0.9745,432,18
0.1,0014635,0.9077,520,78
0.1,0014636,0.7390,341,213
0.1,0014637,0.2990,572,582
0.1,0014638,0.0560,232,229
0.1,0014640,1.0000,0,269
0.1,0018784,1.0000,105,0
0.1,0018785,0.2698,189,201
0.1,0018786,0.0833,48,49
0.1,0018787,0.7014,345,185
0.1,0018788,0.6356,343,264
0.1,0018789,0.0000,89,89
0.1,0018790,0.7027,37,22
0.1,0018791,0.5513,341,294
0.1,0018792,0.5080,311,308
0.1,0018793,0.1421,387,355
0.1,0018794,0.2416,178,158
0.1,0018795,0.7116,371,311
0.1,0018796,0.7391,345,379
0.1,0018797,0.7803,314,320
0.1,0018798,0.1316,152,150
0.1,0018799,0.0367,109,111
0.1,0018800,0.7547,424,173
0.1,0018801,0.4196,448,363
0.1,0018802,1.0000,0,71
0.1,0018803,0.8545,55,25
0.1,0018804,0.7010,97,101
0.1,0018805,0.7772,202,103
0.1,0018806,0.0748,254,264
0.1,0018807,0.6812,229,171
0.1,0018808,0.0000,13,13
0.1,0018809,0.1299,231,223
0.1,0018810,0.0266,188,189
0.1,0018811,0.6163,172,164
0.1,0018812,0.3390,236,260
0.1,0018813,0.7500,68,28
0.1,0018814,0.2511,466,482
0.1,0018815,0.8054,185,100
0.1,0018816,0.9675,953,34
0.1,0018817,0.4219,64,65
0.1,0018818,0.8829,111,26
0.1,0018819,0.5145,482,403
0.1,0018820,0.1176,238,236
0.1,0018821,0.2227,211,194
0.1,0018822,0.3694,444,417
0.1,0018823,0.2191,251,256
0.1,0018824,0.0904,343,336
0.1,0018825,0.8317,208,57
0.1,0018826,0.6189,454,376
0.1,0018827,0.0100,201,203
0.1,0018828,0.1823,543,509
0.1,0018829,0.0604,513,513
0.1,0018830,0.7798,377,210
0.1,0018831,0.7845,297,110
0.1,0018832,0.7613,243,102
0.1,0018833,0.8063,284,141
0.1,0018834,0.5680,331,286
0.1,0018835,0.7706,279,125
0.1,0018836,0.6575,362,247
0.1,0018837,0.5068,511,438
0.1,0018838,0.5487,554,424
0.1,0018839,0.6653,487,254
0.1,0018840,0.7619,231,123
0.1,0018841,0.0061,326,327
0.1,0018842,0.7933,445,200
0.1,0018843,0.5979,378,257
0.1,0018844,0.8359,457,165
0.1,0018845,0.7934,213,88
0.1,0018846,1.0000,0,24
0.1,0018847,0.8492,398,118
0.1,0018848,0.0754,199,201
0.1,0018849,0.4248,306,243
0.1,0018850,0.8333,294,135
0.1,0018851,0.9426,418,27
0.1,0018852,0.7807,269,122
0.1,0018853,0.3234,303,280
0.1,0018854,0.8133,75,45
0.1,0018855,0.6471,272,217
0.1,0018856,0.1250,448,493
0.1,0018857,0.7801,382,138
0.1,0018858,0.1720,378,377
0.1,0018859,0.6351,211,183
0.1,0018860,0.1630,276,302
0.1,0018861,0.9762,168,4
0.1,0018862,0.3911,473,451
0.1,0018863,0.5924,157,120
0.1,0018864,0.7478,230,110
0.1,0018865,0.8202,406,124
0.1,0018866,0.8481,79,57
0.1,0018867,0.7000,120,74
0.1,0018868,0.4774,310,262
0.1,0018869,0.7284,567,319
0.1,0018870,0.7948,458,167
0.1,0018871,0.7649,251,120
0.1,0018872,0.8862,334,104
0.1,0018873,0.0851,388,379
0.1,0018874,0.6205,224,141
0.1,0018875,0.7689,649,285
0.1,0018876,0.7551,486,368
0.1,0018877,0.9333,45,8
0.1,0018878,0.6579,114,105
0.1,0018879,0.6220,336,365
0.1,0018880,0.6089,271,195
0.1,0018881,0.7933,179,136
0.1,0018882,0.4581,227,184
0.1,0018883,0.5771,376,323
0.1,0018884,0.8085,47,49
0.1,0018885,1.0000,12,5
0.1,0018886,0.1380,355,348
0.1,0018887,0.5744,289,261
0.1,0018888,0.0301,166,168
0.1,0018889,0.6667,237,144
0.1,0018890,0.4545,308,287
0.1,0018891,0.7441,379,183
0.1,0018892,0.8636,484,82
0.1,0018893,0.0356,253,251
0.1,0018894,0.6891,193,133
0.1,0018895,0.1667,126,119
0.1,0018896,0.8732,142,41
0.1,0018897,1.0000,67,2
0.1,0018898,0.9565,322,19
0.1,0018899,0.4222,315,311
0.1,0018900,0.9748,476,12
0.1,0018901,0.4000,285,335
0.1,0018902,0.3023,172,141
0.1,0018903,0.6875,128,144
0.1,0018904,0.0784,153,157
0.1,0018905,0.6336,131,100
0.1,0018906,1.0000,106,0
0.1,0018907,0.5529,170,181
0.1,0018908,0.3542,432,390
0.1,0018909,0.2149,363,356
0.1,0018910,0.9718,284,8
0.1,0018911,0.9533,621,53
0.1,0018912,0.6543,269,343
0.1,0018913,0.0000,1,1
0.1,0018914,0.3713,202,197
0.1,0018915,0.9371,302,22
0.1,0018916,0.6777,422,236
0.1,0018917,0.2543,173,167
0.1,0018918,0.6420,352,234
0.1,0018919,0.4863,364,309
0.1,0018920,0.2303,178,167
0.1,0018921,0.6071,112,135
0.1,0018922,0.7914,139,97
0.1,0018923,0.5660,265,246
0.1,0018924,0.6033,363,200
0.1,0018925,0.1556,347,370
0.1,0018926,0.2418,306,311
0.1,0018927,0.3890,347,348
0.1,0018928,0.8847,373,157
0.1,0018929,0.4324,296,298
0.1,0018930,0.7215,492,300
0.1,0018931,0.2370,616,645
0.1,0018932,0.8435,230,234
0.1,0018933,0.8297,417,105
0.1,0018934,0.8957,230,72
0.1,0018935,1.0000,1,0
0.1,0018936,0.1667,372,376
0.1,0018937,0.6420,243,140
0.1,0018938,0.7138,290,186
0.1,0018939,0.7662,154,91
0.1,0018940,0.9407,135,12
0.1,0018941,0.6214,309,196
0.1,0018942,0.0374,107,107
0.1,0018943,0.4753,446,390
0.1,0018944,0.2513,585,552
0.1,0018945,0.8640,809,160
0.1,0018946,0.7840,375,157
0.1,0018947,0.7588,456,189
0.1,0018948,0.6988,508,298
0.1,0018949,0.6053,152,124
0.1,0018950,0.7344,369,165
